{
  "IA": [
    -15.300666055997318,
    18.774422433417488
  ],
  "IB": [
    23.909459796718675,
    3.8635542826071783
  ],
  "IC": [
    -8.608793740721337,
    -22.63797671602468
  ]
}